Folder Path,Original Name,View Link,Direct Image Link
dress images/VD,75.jpg,https://drive.google.com/file/d/1oQsCMRWQKFUkSbCFBi_shJjcW1291xdI/view?usp=drivesdk,https://drive.google.com/uc?export=view&id=1oQsCMRWQKFUkSbCFBi_shJjcW1291xdI
dress images/VD,73.jpg,https://drive.google.com/file/d/1D4IZFWN71IMKzZrxS1RImGAUQR429rAJ/view?usp=drivesdk,https://drive.google.com/uc?export=view&id=1D4IZFWN71IMKzZrxS1RImGAUQR429rAJ
dress images/VD,72.jpg,https://drive.google.com/file/d/1iRE-Rup3m_FQergCurvQuMjJ9LIIfYBP/view?usp=drivesdk,https://drive.google.com/uc?export=view&id=1iRE-Rup3m_FQergCurvQuMjJ9LIIfYBP
dress images/VD,74.jpg,https://drive.google.com/file/d/1ZHIEuyTEA-0I7GPc-GKn5QDwjw7nNC-w/view?usp=drivesdk,https://drive.google.com/uc?export=view&id=1ZHIEuyTEA-0I7GPc-GKn5QDwjw7nNC-w
dress images/VD,71.jpg,https://drive.google.com/file/d/1GJ6tx-bw3nArLpb0wlZMvnrVOgNBbbsW/view?usp=drivesdk,https://drive.google.com/uc?export=view&id=1GJ6tx-bw3nArLpb0wlZMvnrVOgNBbbsW
dress images/VD,70.jpg,https://drive.google.com/file/d/11ShR_rXO-XH024dee4_nowhDNqdC28HC/view?usp=drivesdk,https://drive.google.com/uc?export=view&id=11ShR_rXO-XH024dee4_nowhDNqdC28HC
dress images/VD,69.jpg,https://drive.google.com/file/d/17cCS4n6_evQKWyQbNCuSa5q3Or8rfuXQ/view?usp=drivesdk,https://drive.google.com/uc?export=view&id=17cCS4n6_evQKWyQbNCuSa5q3Or8rfuXQ
dress images/VD,68.jpg,https://drive.google.com/file/d/1X2WmfgRtkbeHKph7Ui4bMaXdj1NoD1vW/view?usp=drivesdk,https://drive.google.com/uc?export=view&id=1X2WmfgRtkbeHKph7Ui4bMaXdj1NoD1vW
dress images/VD,67.jpg,https://drive.google.com/file/d/1up-BRBg0qWu3FTdy-A72fnGkHMzwXHND/view?usp=drivesdk,https://drive.google.com/uc?export=view&id=1up-BRBg0qWu3FTdy-A72fnGkHMzwXHND
dress images/VD,66.jpg,https://drive.google.com/file/d/1nl7FS_GHK4EnOHFLtjGB1BXkeJWnf29k/view?usp=drivesdk,https://drive.google.com/uc?export=view&id=1nl7FS_GHK4EnOHFLtjGB1BXkeJWnf29k
dress images/VD,65.jpg,https://drive.google.com/file/d/1hCva5WuVJTbhPWN9bfVqpo0BZ5vnCOOd/view?usp=drivesdk,https://drive.google.com/uc?export=view&id=1hCva5WuVJTbhPWN9bfVqpo0BZ5vnCOOd
dress images/VD,64.jpg,https://drive.google.com/file/d/1XbOdISFUlkR8yACKyiwh2a5N_BuD907x/view?usp=drivesdk,https://drive.google.com/uc?export=view&id=1XbOdISFUlkR8yACKyiwh2a5N_BuD907x
dress images/VD,63.jpg,https://drive.google.com/file/d/1bemQalxlo6LZSnJ2bQoHwaz0hLcSATK0/view?usp=drivesdk,https://drive.google.com/uc?export=view&id=1bemQalxlo6LZSnJ2bQoHwaz0hLcSATK0
dress images/VD,62.jpg,https://drive.google.com/file/d/1eAbvR7OuCAZzr5CoVw5kL1Q7Jc1OS0i2/view?usp=drivesdk,https://drive.google.com/uc?export=view&id=1eAbvR7OuCAZzr5CoVw5kL1Q7Jc1OS0i2
dress images/VD,61.jpg,https://drive.google.com/file/d/1GL6UgHr0WEpbAvMn-ux1KeieLdTbE81i/view?usp=drivesdk,https://drive.google.com/uc?export=view&id=1GL6UgHr0WEpbAvMn-ux1KeieLdTbE81i
dress images/VD,60.jpg,https://drive.google.com/file/d/15qhPsP7HmbvpuQSEN50p-lXXlAz1XKCx/view?usp=drivesdk,https://drive.google.com/uc?export=view&id=15qhPsP7HmbvpuQSEN50p-lXXlAz1XKCx
dress images/VD,59.jpg,https://drive.google.com/file/d/1FFYnXPrTaYc3XC6jCozV00rM252etFJd/view?usp=drivesdk,https://drive.google.com/uc?export=view&id=1FFYnXPrTaYc3XC6jCozV00rM252etFJd
dress images/VD,58.jpg,https://drive.google.com/file/d/1uthRu-QvR9OKtVCln8rqNjgQ0kQozDN6/view?usp=drivesdk,https://drive.google.com/uc?export=view&id=1uthRu-QvR9OKtVCln8rqNjgQ0kQozDN6
dress images/VD,57.jpg,https://drive.google.com/file/d/1-APA6dok7b4gAxMkjNZNmKu5T3acfTvt/view?usp=drivesdk,https://drive.google.com/uc?export=view&id=1-APA6dok7b4gAxMkjNZNmKu5T3acfTvt
dress images/VD,56.jpg,https://drive.google.com/file/d/1rzywsu4C9nrYiTYR9ZmihA48FjxOaaSq/view?usp=drivesdk,https://drive.google.com/uc?export=view&id=1rzywsu4C9nrYiTYR9ZmihA48FjxOaaSq
dress images/VD,55.jpg,https://drive.google.com/file/d/1vUDet3Un-A8lYz0ijwcJ4lfbh1rdg00C/view?usp=drivesdk,https://drive.google.com/uc?export=view&id=1vUDet3Un-A8lYz0ijwcJ4lfbh1rdg00C
dress images/VD,54.jpg,https://drive.google.com/file/d/1RbHpE5yf64bwXF60GnbJGs7LEjtrcH5p/view?usp=drivesdk,https://drive.google.com/uc?export=view&id=1RbHpE5yf64bwXF60GnbJGs7LEjtrcH5p
dress images/VD,53.jpg,https://drive.google.com/file/d/1ISb-cHJ_2k1caU51wKfPh_Lc1p7HZ6jo/view?usp=drivesdk,https://drive.google.com/uc?export=view&id=1ISb-cHJ_2k1caU51wKfPh_Lc1p7HZ6jo
dress images/VD,52.jpg,https://drive.google.com/file/d/147zRBI5ppO_dQu-0_a2YfaDFnZYko4rp/view?usp=drivesdk,https://drive.google.com/uc?export=view&id=147zRBI5ppO_dQu-0_a2YfaDFnZYko4rp
dress images/VD,45.jpg,https://drive.google.com/file/d/1GT2PJ_Q9neK511x_GqBWRY9QrzoLcBEB/view?usp=drivesdk,https://drive.google.com/uc?export=view&id=1GT2PJ_Q9neK511x_GqBWRY9QrzoLcBEB
dress images/VD,28.jpg,https://drive.google.com/file/d/1lb749SafAX6TLF4ddz0b1z8c2reXv1u7/view?usp=drivesdk,https://drive.google.com/uc?export=view&id=1lb749SafAX6TLF4ddz0b1z8c2reXv1u7
dress images/VD,51.jpg,https://drive.google.com/file/d/1DhwKoZ42XMJkxCBsZupoDcLxtYJtmSYl/view?usp=drivesdk,https://drive.google.com/uc?export=view&id=1DhwKoZ42XMJkxCBsZupoDcLxtYJtmSYl
dress images/VD,50.jpg,https://drive.google.com/file/d/1FLbZ1LTAx_gI9ABmCKS-zq-WPu_pmBbC/view?usp=drivesdk,https://drive.google.com/uc?export=view&id=1FLbZ1LTAx_gI9ABmCKS-zq-WPu_pmBbC
dress images/VD,49.jpg,https://drive.google.com/file/d/1msRHgOd5I5Bs85sqcPeTgiS3kuNf99vl/view?usp=drivesdk,https://drive.google.com/uc?export=view&id=1msRHgOd5I5Bs85sqcPeTgiS3kuNf99vl
dress images/VD,48.jpg,https://drive.google.com/file/d/1Wwibr0hEDw1BfZi1sJoq2p-9W5Y6qtfc/view?usp=drivesdk,https://drive.google.com/uc?export=view&id=1Wwibr0hEDw1BfZi1sJoq2p-9W5Y6qtfc
dress images/VD,47.jpg,https://drive.google.com/file/d/1S4VAFpUAkTyoc5ch_C-AA9Wnx4Frdpw1/view?usp=drivesdk,https://drive.google.com/uc?export=view&id=1S4VAFpUAkTyoc5ch_C-AA9Wnx4Frdpw1
dress images/VD,38.jpg,https://drive.google.com/file/d/1vwt5BlqJDSN5FlcBlXWGhVt1tGSVyfDn/view?usp=drivesdk,https://drive.google.com/uc?export=view&id=1vwt5BlqJDSN5FlcBlXWGhVt1tGSVyfDn
dress images/VD,46.jpg,https://drive.google.com/file/d/1FpguNzxTSyd6MHGH8r8-ylztvfuzbs96/view?usp=drivesdk,https://drive.google.com/uc?export=view&id=1FpguNzxTSyd6MHGH8r8-ylztvfuzbs96
dress images/VD,44.jpg,https://drive.google.com/file/d/1FqfpVbcTD63ah8a_bRFdj3yaAJC6wgeO/view?usp=drivesdk,https://drive.google.com/uc?export=view&id=1FqfpVbcTD63ah8a_bRFdj3yaAJC6wgeO
dress images/VD,43.jpg,https://drive.google.com/file/d/1T_Z8Kn9fmBzcK0xVgsBwzpHK7ylnBz3o/view?usp=drivesdk,https://drive.google.com/uc?export=view&id=1T_Z8Kn9fmBzcK0xVgsBwzpHK7ylnBz3o
dress images/VD,42.jpg,https://drive.google.com/file/d/1N1rwctfrh0CYS2EUkTCKaSUdTEzNjK4X/view?usp=drivesdk,https://drive.google.com/uc?export=view&id=1N1rwctfrh0CYS2EUkTCKaSUdTEzNjK4X
dress images/VD,41.jpg,https://drive.google.com/file/d/1gyBs-akJcAsvCaHuaaEWYvTi_CbiVTib/view?usp=drivesdk,https://drive.google.com/uc?export=view&id=1gyBs-akJcAsvCaHuaaEWYvTi_CbiVTib
dress images/VD,40.jpg,https://drive.google.com/file/d/1Cvaa_8A8thdn7lSIduAw3GYmbQujsZPD/view?usp=drivesdk,https://drive.google.com/uc?export=view&id=1Cvaa_8A8thdn7lSIduAw3GYmbQujsZPD
dress images/VD,39.jpg,https://drive.google.com/file/d/12yxj3Y6TVaA28DPeznaS4EaX1Cl_kjeJ/view?usp=drivesdk,https://drive.google.com/uc?export=view&id=12yxj3Y6TVaA28DPeznaS4EaX1Cl_kjeJ
dress images/VD,37.jpg,https://drive.google.com/file/d/1rVzGQhkZL6vOSRc0Ztd_0UYenUP803yL/view?usp=drivesdk,https://drive.google.com/uc?export=view&id=1rVzGQhkZL6vOSRc0Ztd_0UYenUP803yL
dress images/VD,36.jpg,https://drive.google.com/file/d/1c6uKCQZFI45fdVfzNoLk-YoCkPcGaabM/view?usp=drivesdk,https://drive.google.com/uc?export=view&id=1c6uKCQZFI45fdVfzNoLk-YoCkPcGaabM
dress images/VD,35.jpg,https://drive.google.com/file/d/1or_vaEjqvZSBvFLjpWsa9mnCpoZP_hH4/view?usp=drivesdk,https://drive.google.com/uc?export=view&id=1or_vaEjqvZSBvFLjpWsa9mnCpoZP_hH4
dress images/VD,34.jpg,https://drive.google.com/file/d/1UTFj5YAajj2QjUwfvZq2I5lDOmMnX-X6/view?usp=drivesdk,https://drive.google.com/uc?export=view&id=1UTFj5YAajj2QjUwfvZq2I5lDOmMnX-X6
dress images/VD,33.jpg,https://drive.google.com/file/d/1se56b8I8mdElVqGXXOecSNkBgBEuE3wQ/view?usp=drivesdk,https://drive.google.com/uc?export=view&id=1se56b8I8mdElVqGXXOecSNkBgBEuE3wQ
dress images/VD,32.jpg,https://drive.google.com/file/d/1e_IoZIxi85XKwr5zTvDmQm5G4zQASC7s/view?usp=drivesdk,https://drive.google.com/uc?export=view&id=1e_IoZIxi85XKwr5zTvDmQm5G4zQASC7s
dress images/VD,31.jpg,https://drive.google.com/file/d/1s6Xo2e_rTXEw8JrqqBqFRIFgY8hLBKgU/view?usp=drivesdk,https://drive.google.com/uc?export=view&id=1s6Xo2e_rTXEw8JrqqBqFRIFgY8hLBKgU
dress images/VD,30.jpg,https://drive.google.com/file/d/1oL-pkK3kh0XOYRJjGkRel9gZCUecFt5M/view?usp=drivesdk,https://drive.google.com/uc?export=view&id=1oL-pkK3kh0XOYRJjGkRel9gZCUecFt5M
dress images/VD,29.jpg,https://drive.google.com/file/d/1cx6zx5j8U_V-Vxizsv2ljhHG6PHxfWdI/view?usp=drivesdk,https://drive.google.com/uc?export=view&id=1cx6zx5j8U_V-Vxizsv2ljhHG6PHxfWdI
dress images/VD,27.jpg,https://drive.google.com/file/d/1YWDyOSTbqZAfppm7zMZAsrjirrH5mXfn/view?usp=drivesdk,https://drive.google.com/uc?export=view&id=1YWDyOSTbqZAfppm7zMZAsrjirrH5mXfn
dress images/VD,26.jpg,https://drive.google.com/file/d/19s3Vb2GnqmivFKtXMlfWK4FPOdlYRKPY/view?usp=drivesdk,https://drive.google.com/uc?export=view&id=19s3Vb2GnqmivFKtXMlfWK4FPOdlYRKPY
dress images/VD,25.jpg,https://drive.google.com/file/d/1XV8paLuZ8rzSNCE76Xv4dfgvYnxWxWuK/view?usp=drivesdk,https://drive.google.com/uc?export=view&id=1XV8paLuZ8rzSNCE76Xv4dfgvYnxWxWuK
dress images/VD,24.jpg,https://drive.google.com/file/d/1K17qkdlHMcd6QpzvtIA6tLYNDfQK43nm/view?usp=drivesdk,https://drive.google.com/uc?export=view&id=1K17qkdlHMcd6QpzvtIA6tLYNDfQK43nm
dress images/VD,23.jpg,https://drive.google.com/file/d/1cM_zbzJccPI7vvWFZjMW5GtSpi_KHcEl/view?usp=drivesdk,https://drive.google.com/uc?export=view&id=1cM_zbzJccPI7vvWFZjMW5GtSpi_KHcEl
dress images/VD,22.jpg,https://drive.google.com/file/d/1rF5-N6A3LvBhzLE1wXaP5vZNZdCA1mKY/view?usp=drivesdk,https://drive.google.com/uc?export=view&id=1rF5-N6A3LvBhzLE1wXaP5vZNZdCA1mKY
dress images/VD,21.jpg,https://drive.google.com/file/d/1bTF7NueCbjh04ZM-0OEYfqu6zUwiQLsg/view?usp=drivesdk,https://drive.google.com/uc?export=view&id=1bTF7NueCbjh04ZM-0OEYfqu6zUwiQLsg
dress images/VD,20.jpg,https://drive.google.com/file/d/1WrRjPKKf64aqlj3R4xN6gxvAgw02FwxK/view?usp=drivesdk,https://drive.google.com/uc?export=view&id=1WrRjPKKf64aqlj3R4xN6gxvAgw02FwxK
dress images/VD,19.jpg,https://drive.google.com/file/d/1CjKWdw7HkgPL436Kn_esdkFZDQP0sOn2/view?usp=drivesdk,https://drive.google.com/uc?export=view&id=1CjKWdw7HkgPL436Kn_esdkFZDQP0sOn2
dress images/VD,18.jpg,https://drive.google.com/file/d/1-VrdUMah3U73WlMEagwbAKHmYMDFOnth/view?usp=drivesdk,https://drive.google.com/uc?export=view&id=1-VrdUMah3U73WlMEagwbAKHmYMDFOnth
dress images/VD,17.jpg,https://drive.google.com/file/d/1xIQlQI25KV2ZmE-Tg4NomXv5m52t3VO4/view?usp=drivesdk,https://drive.google.com/uc?export=view&id=1xIQlQI25KV2ZmE-Tg4NomXv5m52t3VO4
dress images/VD,16.jpg,https://drive.google.com/file/d/1LIbLDEUcbpsnE0330bSaCW08GDVEWeVi/view?usp=drivesdk,https://drive.google.com/uc?export=view&id=1LIbLDEUcbpsnE0330bSaCW08GDVEWeVi
dress images/VD,15.jpg,https://drive.google.com/file/d/1kINajyb2dLAfpj26B-VOAzIuUVyS6x9M/view?usp=drivesdk,https://drive.google.com/uc?export=view&id=1kINajyb2dLAfpj26B-VOAzIuUVyS6x9M
dress images/VD,14.jpg,https://drive.google.com/file/d/181wvl3QSr3VY1wAevVEFj0aIDGou7OFk/view?usp=drivesdk,https://drive.google.com/uc?export=view&id=181wvl3QSr3VY1wAevVEFj0aIDGou7OFk
dress images/VD,13.jpg,https://drive.google.com/file/d/13n_zmJqOXsmXHDdlE2LZdxixxQ_FEhb5/view?usp=drivesdk,https://drive.google.com/uc?export=view&id=13n_zmJqOXsmXHDdlE2LZdxixxQ_FEhb5
dress images/VD,12.jpg,https://drive.google.com/file/d/1yD8MTKecwlA0BcIE7M0NQCSWy48yRXJv/view?usp=drivesdk,https://drive.google.com/uc?export=view&id=1yD8MTKecwlA0BcIE7M0NQCSWy48yRXJv
dress images/VD,11.jpg,https://drive.google.com/file/d/1YVhIW9psLqvq8IbqUBdQS5NdlMNvWf4a/view?usp=drivesdk,https://drive.google.com/uc?export=view&id=1YVhIW9psLqvq8IbqUBdQS5NdlMNvWf4a
dress images/VD,10.jpg,https://drive.google.com/file/d/1SKcF2t6-LbtroqRHSAvzlm-bKvUYbQ8N/view?usp=drivesdk,https://drive.google.com/uc?export=view&id=1SKcF2t6-LbtroqRHSAvzlm-bKvUYbQ8N
dress images/VD,9.jpg,https://drive.google.com/file/d/1ei8O0BGKuEICwzXJzmrSz1vfI8SXmaCj/view?usp=drivesdk,https://drive.google.com/uc?export=view&id=1ei8O0BGKuEICwzXJzmrSz1vfI8SXmaCj
dress images/VD,8.jpg,https://drive.google.com/file/d/1C3t-z5xDi6Rmg-FnSGXEaLOGxe9W1gn4/view?usp=drivesdk,https://drive.google.com/uc?export=view&id=1C3t-z5xDi6Rmg-FnSGXEaLOGxe9W1gn4
dress images/VD,7.jpg,https://drive.google.com/file/d/14BFe7h2aTwRjmhrFfZ670xwHdPzYGPyC/view?usp=drivesdk,https://drive.google.com/uc?export=view&id=14BFe7h2aTwRjmhrFfZ670xwHdPzYGPyC
dress images/VD,6.jpg,https://drive.google.com/file/d/1rLrPJqkzZNuyERtTbBrmXMi0zLdqnoHR/view?usp=drivesdk,https://drive.google.com/uc?export=view&id=1rLrPJqkzZNuyERtTbBrmXMi0zLdqnoHR
dress images/VD,5.jpg,https://drive.google.com/file/d/1XXkZa1D5GJdCHrAjXAOgrYSje6PBVnRn/view?usp=drivesdk,https://drive.google.com/uc?export=view&id=1XXkZa1D5GJdCHrAjXAOgrYSje6PBVnRn
dress images/VD,4.jpg,https://drive.google.com/file/d/1Px4QBlUussXmghQnkGRPZECcjp6RTEmR/view?usp=drivesdk,https://drive.google.com/uc?export=view&id=1Px4QBlUussXmghQnkGRPZECcjp6RTEmR
dress images/VD,3.jpg,https://drive.google.com/file/d/1J3N5V0tnmeiF-y-yB_RpaC8EtZ-IXWgE/view?usp=drivesdk,https://drive.google.com/uc?export=view&id=1J3N5V0tnmeiF-y-yB_RpaC8EtZ-IXWgE
dress images/VD,2.jpg,https://drive.google.com/file/d/1SrGVkddzGWzND8_q_8Bw9-5N3252Z5SC/view?usp=drivesdk,https://drive.google.com/uc?export=view&id=1SrGVkddzGWzND8_q_8Bw9-5N3252Z5SC
dress images/VD,1.jpg,https://drive.google.com/file/d/1GXm-owwarqXJnH0gq75I_QWEYZPdPZCz/view?usp=drivesdk,https://drive.google.com/uc?export=view&id=1GXm-owwarqXJnH0gq75I_QWEYZPdPZCz
dress images/AL,11.jpg,https://drive.google.com/file/d/19TrPbd-3duBEYmoEHzzsibbky0zwrFVo/view?usp=drivesdk,https://drive.google.com/uc?export=view&id=19TrPbd-3duBEYmoEHzzsibbky0zwrFVo
dress images/AL,10.jpg,https://drive.google.com/file/d/1aEYefHlmLznHn51MDvwIMhYViusjn8tT/view?usp=drivesdk,https://drive.google.com/uc?export=view&id=1aEYefHlmLznHn51MDvwIMhYViusjn8tT
dress images/AL,09.jpg,https://drive.google.com/file/d/17CUaWOFkBBxEam8XPEnUqgMyJZLCzygS/view?usp=drivesdk,https://drive.google.com/uc?export=view&id=17CUaWOFkBBxEam8XPEnUqgMyJZLCzygS
dress images/AL,08.jpg,https://drive.google.com/file/d/1l5xjPcwP47uKTGyzv5kQ4vWGt5CjestL/view?usp=drivesdk,https://drive.google.com/uc?export=view&id=1l5xjPcwP47uKTGyzv5kQ4vWGt5CjestL
dress images/AL,07.jpg,https://drive.google.com/file/d/1ei4ixmTfG80VHjmtzW8OujQjn1PwgyfD/view?usp=drivesdk,https://drive.google.com/uc?export=view&id=1ei4ixmTfG80VHjmtzW8OujQjn1PwgyfD
dress images/AL,06.jpg,https://drive.google.com/file/d/1WxPLGLYm6xiCLOtqqWf7VGAPFoMiGsuz/view?usp=drivesdk,https://drive.google.com/uc?export=view&id=1WxPLGLYm6xiCLOtqqWf7VGAPFoMiGsuz
dress images/AL,05.jpg,https://drive.google.com/file/d/1UWGUv4BaJFpyCRvrG2APRjwbiEpFfUu8/view?usp=drivesdk,https://drive.google.com/uc?export=view&id=1UWGUv4BaJFpyCRvrG2APRjwbiEpFfUu8
dress images/AL,04.jpg,https://drive.google.com/file/d/1m6oer_6zwLjOqQaBLFj-BT0AHcytO3T8/view?usp=drivesdk,https://drive.google.com/uc?export=view&id=1m6oer_6zwLjOqQaBLFj-BT0AHcytO3T8
dress images/AL,03.jpg,https://drive.google.com/file/d/17VUdQxUdq6I6hd7EbEdtUjIhumfAdZFa/view?usp=drivesdk,https://drive.google.com/uc?export=view&id=17VUdQxUdq6I6hd7EbEdtUjIhumfAdZFa
dress images/AL,02.jpg,https://drive.google.com/file/d/19G00L1GcvD9mk_EkPSZ4DWpt6frLfpOQ/view?usp=drivesdk,https://drive.google.com/uc?export=view&id=19G00L1GcvD9mk_EkPSZ4DWpt6frLfpOQ
dress images/AL,01.jpg,https://drive.google.com/file/d/1Vao5ayr583sShp9vvUqHjCGHyV8IgoUO/view?usp=drivesdk,https://drive.google.com/uc?export=view&id=1Vao5ayr583sShp9vvUqHjCGHyV8IgoUO
dress images/AD,07.jpg,https://drive.google.com/file/d/1SJPm4XKRvCg45W7p_K4_Qx_hCBs-1S6K/view?usp=drivesdk,https://drive.google.com/uc?export=view&id=1SJPm4XKRvCg45W7p_K4_Qx_hCBs-1S6K
dress images/AD,06.jpg,https://drive.google.com/file/d/1naZMRHDrc201a-D15iSu-agqOJf7YCt_/view?usp=drivesdk,https://drive.google.com/uc?export=view&id=1naZMRHDrc201a-D15iSu-agqOJf7YCt_
dress images/AD,05.jpg,https://drive.google.com/file/d/1_qXgLvseoavu1kBfDLQg8edKs4Le1eSE/view?usp=drivesdk,https://drive.google.com/uc?export=view&id=1_qXgLvseoavu1kBfDLQg8edKs4Le1eSE
dress images/AD,04.jpg,https://drive.google.com/file/d/1F5kcoXJGmjHSUkZ8H0FCp-sUuEy9I8iz/view?usp=drivesdk,https://drive.google.com/uc?export=view&id=1F5kcoXJGmjHSUkZ8H0FCp-sUuEy9I8iz
dress images/AD,03.jpg,https://drive.google.com/file/d/1yv0sz8qxQXFsegsDcmoeMMJZtOGCvQrW/view?usp=drivesdk,https://drive.google.com/uc?export=view&id=1yv0sz8qxQXFsegsDcmoeMMJZtOGCvQrW
dress images/AD,02.jpg,https://drive.google.com/file/d/1Bmg78hrPHeBat-1-ruCUV-AX5HjhjDh6/view?usp=drivesdk,https://drive.google.com/uc?export=view&id=1Bmg78hrPHeBat-1-ruCUV-AX5HjhjDh6
dress images/AD,01.jpg,https://drive.google.com/file/d/1LFcT31smr6KrdKf7tXEbT2RLiy2EguZw/view?usp=drivesdk,https://drive.google.com/uc?export=view&id=1LFcT31smr6KrdKf7tXEbT2RLiy2EguZw
dress images/ĐN,11.jpg,https://drive.google.com/file/d/1yR74BwzpnJOiEuMuwugean_8Mxm5s2L7/view?usp=drivesdk,https://drive.google.com/uc?export=view&id=1yR74BwzpnJOiEuMuwugean_8Mxm5s2L7
dress images/ĐN,10.jpg,https://drive.google.com/file/d/1D8Bh8fZe2gcaUP2b_aGY0pn5Jp5x5pzF/view?usp=drivesdk,https://drive.google.com/uc?export=view&id=1D8Bh8fZe2gcaUP2b_aGY0pn5Jp5x5pzF
dress images/ĐN,09.jpg,https://drive.google.com/file/d/1xpxoYjOi1Dwf5evgcxlX5Yyh2hmzzVD4/view?usp=drivesdk,https://drive.google.com/uc?export=view&id=1xpxoYjOi1Dwf5evgcxlX5Yyh2hmzzVD4
dress images/ĐN,08.jpg,https://drive.google.com/file/d/1DxRkI0PYIvQhzbOmIljBdSpUXAf2YzWP/view?usp=drivesdk,https://drive.google.com/uc?export=view&id=1DxRkI0PYIvQhzbOmIljBdSpUXAf2YzWP
dress images/ĐN,07.jpg,https://drive.google.com/file/d/1rJk5Nang_ln8macsL-tCA3UF5Faci9WY/view?usp=drivesdk,https://drive.google.com/uc?export=view&id=1rJk5Nang_ln8macsL-tCA3UF5Faci9WY
dress images/ĐN,06.jpg,https://drive.google.com/file/d/1QOVxWbuI1dfUCK1GcC6jTOH3lnhzlXqL/view?usp=drivesdk,https://drive.google.com/uc?export=view&id=1QOVxWbuI1dfUCK1GcC6jTOH3lnhzlXqL
dress images/ĐN,05.jpg,https://drive.google.com/file/d/1wr8Aw0yE6JAv6CMswD8j0KwcBA4y5PJ1/view?usp=drivesdk,https://drive.google.com/uc?export=view&id=1wr8Aw0yE6JAv6CMswD8j0KwcBA4y5PJ1
dress images/ĐN,04.jpg,https://drive.google.com/file/d/1GH8NImUH9JJ18g2nTxUzjjyPDObXYawF/view?usp=drivesdk,https://drive.google.com/uc?export=view&id=1GH8NImUH9JJ18g2nTxUzjjyPDObXYawF
dress images/ĐN,03.jpg,https://drive.google.com/file/d/1lZBQCgUjYhcSer2HAmLe8eAC-9TuFYis/view?usp=drivesdk,https://drive.google.com/uc?export=view&id=1lZBQCgUjYhcSer2HAmLe8eAC-9TuFYis
dress images/ĐN,02.jpg,https://drive.google.com/file/d/1nVNlDGaVkYvxteMar3zahoHg5cDV3rhy/view?usp=drivesdk,https://drive.google.com/uc?export=view&id=1nVNlDGaVkYvxteMar3zahoHg5cDV3rhy
dress images/ĐN,01.jpg,https://drive.google.com/file/d/1DNRgmI-NPJv4B2637yX_EH02Bh3DSllW/view?usp=drivesdk,https://drive.google.com/uc?export=view&id=1DNRgmI-NPJv4B2637yX_EH02Bh3DSllW
dress images/T,11.jpg,https://drive.google.com/file/d/1DPG-I0dKOV8aYFca4ZP-zP5IXj_0cq57/view?usp=drivesdk,https://drive.google.com/uc?export=view&id=1DPG-I0dKOV8aYFca4ZP-zP5IXj_0cq57
dress images/T,10.jpg,https://drive.google.com/file/d/1ZtRqRVTQilc8cEsTmOstGLvgM4ZDbYzG/view?usp=drivesdk,https://drive.google.com/uc?export=view&id=1ZtRqRVTQilc8cEsTmOstGLvgM4ZDbYzG
dress images/T,09.jpg,https://drive.google.com/file/d/1qyYXC5lxja0Spjn4pBkOSwETXUP01ZyC/view?usp=drivesdk,https://drive.google.com/uc?export=view&id=1qyYXC5lxja0Spjn4pBkOSwETXUP01ZyC
dress images/T,08.jpg,https://drive.google.com/file/d/1glGirlO51mTSQLdeHpYX51O1oaY_1NcZ/view?usp=drivesdk,https://drive.google.com/uc?export=view&id=1glGirlO51mTSQLdeHpYX51O1oaY_1NcZ
dress images/T,07.jpg,https://drive.google.com/file/d/1u49LkCnybh3BUF87RIokoNUhxmThn3Ai/view?usp=drivesdk,https://drive.google.com/uc?export=view&id=1u49LkCnybh3BUF87RIokoNUhxmThn3Ai
dress images/T,06.jpg,https://drive.google.com/file/d/14YX_zcbZde7zeaNInxJtG3LaOdzWJ8TH/view?usp=drivesdk,https://drive.google.com/uc?export=view&id=14YX_zcbZde7zeaNInxJtG3LaOdzWJ8TH
dress images/T,05.jpg,https://drive.google.com/file/d/1rB041NNrXVh3zJ5oBGeGEIcHlPpeBQBL/view?usp=drivesdk,https://drive.google.com/uc?export=view&id=1rB041NNrXVh3zJ5oBGeGEIcHlPpeBQBL
dress images/T,04.jpg,https://drive.google.com/file/d/1dr1PgizuPV0crEOQJOy5ydTceOMYMqNp/view?usp=drivesdk,https://drive.google.com/uc?export=view&id=1dr1PgizuPV0crEOQJOy5ydTceOMYMqNp
dress images/T,03.jpg,https://drive.google.com/file/d/1DGBf4cSUKptxecadSuRSfzi-uhxXrx7s/view?usp=drivesdk,https://drive.google.com/uc?export=view&id=1DGBf4cSUKptxecadSuRSfzi-uhxXrx7s
dress images/T,02.jpg,https://drive.google.com/file/d/1CGd-h4lvsZf9Hzhj2uYEaf7oezXugZS8/view?usp=drivesdk,https://drive.google.com/uc?export=view&id=1CGd-h4lvsZf9Hzhj2uYEaf7oezXugZS8
dress images/T,01.jpg,https://drive.google.com/file/d/1l50-b9i2pssSVI9Js7Cl4cr8c9svsGn5/view?usp=drivesdk,https://drive.google.com/uc?export=view&id=1l50-b9i2pssSVI9Js7Cl4cr8c9svsGn5
dress images/VN,31.jpg,https://drive.google.com/file/d/1LmyApUTxsi3UhE1YXTd9QxPbdT04UmZf/view?usp=drivesdk,https://drive.google.com/uc?export=view&id=1LmyApUTxsi3UhE1YXTd9QxPbdT04UmZf
dress images/VN,30.jpg,https://drive.google.com/file/d/1Ev9m6REdWeiyRNX9mC7jiKfeXS8W4C7c/view?usp=drivesdk,https://drive.google.com/uc?export=view&id=1Ev9m6REdWeiyRNX9mC7jiKfeXS8W4C7c
dress images/VN,29.jpg,https://drive.google.com/file/d/1aFZxApCNvDXAZhHQu9XhJlqwMk3XRAbo/view?usp=drivesdk,https://drive.google.com/uc?export=view&id=1aFZxApCNvDXAZhHQu9XhJlqwMk3XRAbo
dress images/VN,28.jpg,https://drive.google.com/file/d/1tn6NVIbEX_k3TMhZUQpnitwzoMrbcgsg/view?usp=drivesdk,https://drive.google.com/uc?export=view&id=1tn6NVIbEX_k3TMhZUQpnitwzoMrbcgsg
dress images/VN,27.jpg,https://drive.google.com/file/d/15CqHY2QmECP3X260z6nwttXOdqN8juc1/view?usp=drivesdk,https://drive.google.com/uc?export=view&id=15CqHY2QmECP3X260z6nwttXOdqN8juc1
dress images/VN,26.jpg,https://drive.google.com/file/d/1LOJIi9Ap3J4dJFq7j2M_Y6nniHV3-TTK/view?usp=drivesdk,https://drive.google.com/uc?export=view&id=1LOJIi9Ap3J4dJFq7j2M_Y6nniHV3-TTK
dress images/VN,25.jpg,https://drive.google.com/file/d/1SNmV-Tu3wLp1pJKhxLmVfB43ev_q_Iqa/view?usp=drivesdk,https://drive.google.com/uc?export=view&id=1SNmV-Tu3wLp1pJKhxLmVfB43ev_q_Iqa
dress images/VN,24.jpg,https://drive.google.com/file/d/1qicMvaB6n4rfaQ--TNER4H27Pl-u1MEC/view?usp=drivesdk,https://drive.google.com/uc?export=view&id=1qicMvaB6n4rfaQ--TNER4H27Pl-u1MEC
dress images/VN,23.jpg,https://drive.google.com/file/d/1p-JU1gyOQBCPAQYhnQYNiceQrFlH5d-Q/view?usp=drivesdk,https://drive.google.com/uc?export=view&id=1p-JU1gyOQBCPAQYhnQYNiceQrFlH5d-Q
dress images/VN,22.jpg,https://drive.google.com/file/d/1PQWADFTwYbg2XIxfoDz5u6PXrKHDTFpj/view?usp=drivesdk,https://drive.google.com/uc?export=view&id=1PQWADFTwYbg2XIxfoDz5u6PXrKHDTFpj
dress images/VN,21.jpg,https://drive.google.com/file/d/1jaVZYIWbeWqLa3lau_xXLM365Nr4O_ZR/view?usp=drivesdk,https://drive.google.com/uc?export=view&id=1jaVZYIWbeWqLa3lau_xXLM365Nr4O_ZR
dress images/VN,20.jpg,https://drive.google.com/file/d/1t3rOmWqFIajUH9-ctNTO9TaLrxEJLePk/view?usp=drivesdk,https://drive.google.com/uc?export=view&id=1t3rOmWqFIajUH9-ctNTO9TaLrxEJLePk
dress images/VN,19.jpg,https://drive.google.com/file/d/1EFblgT2ncqHHqh3tzS9nDaULhJL8FFIl/view?usp=drivesdk,https://drive.google.com/uc?export=view&id=1EFblgT2ncqHHqh3tzS9nDaULhJL8FFIl
dress images/VN,18.jpg,https://drive.google.com/file/d/1VTJX8zNBAqkSxjw8HtpRCUYQ2X_MLfUX/view?usp=drivesdk,https://drive.google.com/uc?export=view&id=1VTJX8zNBAqkSxjw8HtpRCUYQ2X_MLfUX
dress images/VN,17.jpg,https://drive.google.com/file/d/1mEVaKrqEA0D3vMNsQGqCegHeXpYDezIZ/view?usp=drivesdk,https://drive.google.com/uc?export=view&id=1mEVaKrqEA0D3vMNsQGqCegHeXpYDezIZ
dress images/VN,16.jpg,https://drive.google.com/file/d/1RqABupnUR9jD7upypGctGWbsuLn3ezPX/view?usp=drivesdk,https://drive.google.com/uc?export=view&id=1RqABupnUR9jD7upypGctGWbsuLn3ezPX
dress images/VN,15.jpg,https://drive.google.com/file/d/1utcqqCdTW3dVqQQyCcNi3FA3G5lYVnho/view?usp=drivesdk,https://drive.google.com/uc?export=view&id=1utcqqCdTW3dVqQQyCcNi3FA3G5lYVnho
dress images/VN,14.jpg,https://drive.google.com/file/d/1jkmeV0R-Mo_vuM3cxED0P3T0kYVj8lZH/view?usp=drivesdk,https://drive.google.com/uc?export=view&id=1jkmeV0R-Mo_vuM3cxED0P3T0kYVj8lZH
dress images/VN,13.jpg,https://drive.google.com/file/d/1RxftKBt5B3iL43Y4bmPf8VFikS1mTQty/view?usp=drivesdk,https://drive.google.com/uc?export=view&id=1RxftKBt5B3iL43Y4bmPf8VFikS1mTQty
dress images/VN,12.jpg,https://drive.google.com/file/d/1i2OPRYP54sKX2b0MV9YaoAv1m7zNEC-Q/view?usp=drivesdk,https://drive.google.com/uc?export=view&id=1i2OPRYP54sKX2b0MV9YaoAv1m7zNEC-Q
dress images/VN,11.jpg,https://drive.google.com/file/d/11SQ3H8fLO11w2IuH46BzFZtnswpQpasP/view?usp=drivesdk,https://drive.google.com/uc?export=view&id=11SQ3H8fLO11w2IuH46BzFZtnswpQpasP
dress images/VN,10.jpg,https://drive.google.com/file/d/1Tj3Uu-A55bPc7AEWK0bpIbE7Rbh25B3J/view?usp=drivesdk,https://drive.google.com/uc?export=view&id=1Tj3Uu-A55bPc7AEWK0bpIbE7Rbh25B3J
dress images/VN,09.jpg,https://drive.google.com/file/d/1jPxAA-YK6irWFwAYP_aRGc3cYJD3KFq5/view?usp=drivesdk,https://drive.google.com/uc?export=view&id=1jPxAA-YK6irWFwAYP_aRGc3cYJD3KFq5
dress images/VN,08.jpg,https://drive.google.com/file/d/1hdu8621TewcJK3oUX6eivautqcRbV76v/view?usp=drivesdk,https://drive.google.com/uc?export=view&id=1hdu8621TewcJK3oUX6eivautqcRbV76v
dress images/VN,07.jpg,https://drive.google.com/file/d/15W5StZUKRD-KpuJVNcrNHx6X-6DZCv29/view?usp=drivesdk,https://drive.google.com/uc?export=view&id=15W5StZUKRD-KpuJVNcrNHx6X-6DZCv29
dress images/VN,06.jpg,https://drive.google.com/file/d/1UY9G02Li-nG5MfA3k-hcLDDKXr22GT5c/view?usp=drivesdk,https://drive.google.com/uc?export=view&id=1UY9G02Li-nG5MfA3k-hcLDDKXr22GT5c
dress images/VN,05.jpg,https://drive.google.com/file/d/1pGlaFB2kpJKvP1a3XEVcauPyeLXRJrFv/view?usp=drivesdk,https://drive.google.com/uc?export=view&id=1pGlaFB2kpJKvP1a3XEVcauPyeLXRJrFv
dress images/VN,04.jpg,https://drive.google.com/file/d/1XODGiKRw6CBZd9jmyUC-AivhK8uHuxRf/view?usp=drivesdk,https://drive.google.com/uc?export=view&id=1XODGiKRw6CBZd9jmyUC-AivhK8uHuxRf
dress images/VN,03.jpg,https://drive.google.com/file/d/1sjItZutBbiQzlfCt9xj0QOwCgveLI0aw/view?usp=drivesdk,https://drive.google.com/uc?export=view&id=1sjItZutBbiQzlfCt9xj0QOwCgveLI0aw
dress images/VN,02.jpg,https://drive.google.com/file/d/1cVY9qIKRIZCpwt-bKA_Lf_VdOtJSXB8j/view?usp=drivesdk,https://drive.google.com/uc?export=view&id=1cVY9qIKRIZCpwt-bKA_Lf_VdOtJSXB8j
dress images/VN,01.jpg,https://drive.google.com/file/d/15vMvmDSdfzJPQEwgoxSHn_HDj9OHcgzU/view?usp=drivesdk,https://drive.google.com/uc?export=view&id=15vMvmDSdfzJPQEwgoxSHn_HDj9OHcgzU
dress images/M,06.jpg,https://drive.google.com/file/d/1X3ivZ50OaLANo6cQwEJEXWbDRm9Qscko/view?usp=drivesdk,https://drive.google.com/uc?export=view&id=1X3ivZ50OaLANo6cQwEJEXWbDRm9Qscko
dress images/M,05.jpg,https://drive.google.com/file/d/1DXDQs831B8fc8vYOFipsucOGDGuODI3y/view?usp=drivesdk,https://drive.google.com/uc?export=view&id=1DXDQs831B8fc8vYOFipsucOGDGuODI3y
dress images/M,04.jpg,https://drive.google.com/file/d/1QPJ2iAeQFDF6ccdr9UWVB90mZtQ2gOet/view?usp=drivesdk,https://drive.google.com/uc?export=view&id=1QPJ2iAeQFDF6ccdr9UWVB90mZtQ2gOet
dress images/M,03.jpg,https://drive.google.com/file/d/1iwd3r0f13oCHwvSt8WaPgdHJsQPXXRWD/view?usp=drivesdk,https://drive.google.com/uc?export=view&id=1iwd3r0f13oCHwvSt8WaPgdHJsQPXXRWD
dress images/M,02.jpg,https://drive.google.com/file/d/1_RFBD3eDtwol_kWqjKV2ld2SDbYqFdWz/view?usp=drivesdk,https://drive.google.com/uc?export=view&id=1_RFBD3eDtwol_kWqjKV2ld2SDbYqFdWz
dress images/M,01.jpg,https://drive.google.com/file/d/1I5J9PoK6bXzQijsu8whZfiM5x8LJ4b6x/view?usp=drivesdk,https://drive.google.com/uc?export=view&id=1I5J9PoK6bXzQijsu8whZfiM5x8LJ4b6x
dress images/H,03.jpg,https://drive.google.com/file/d/1k61bnpC9Ta31u1-TnD-TcRdIZzZ1hnKv/view?usp=drivesdk,https://drive.google.com/uc?export=view&id=1k61bnpC9Ta31u1-TnD-TcRdIZzZ1hnKv
dress images/H,02.jpg,https://drive.google.com/file/d/1zqOwEnSxFir8fslCsbxjS_8_wzTx3WGF/view?usp=drivesdk,https://drive.google.com/uc?export=view&id=1zqOwEnSxFir8fslCsbxjS_8_wzTx3WGF
dress images/H,01.jpg,https://drive.google.com/file/d/1oML4J4_Xl9XseygR8NoOgb63e3fzO77-/view?usp=drivesdk,https://drive.google.com/uc?export=view&id=1oML4J4_Xl9XseygR8NoOgb63e3fzO77-
dress images/G,19.jpg,https://drive.google.com/file/d/1D6FMbzD3Ne1HdIbvYCwcNOEko_V-5CgW/view?usp=drivesdk,https://drive.google.com/uc?export=view&id=1D6FMbzD3Ne1HdIbvYCwcNOEko_V-5CgW
dress images/G,18.jpg,https://drive.google.com/file/d/1dF-OFNJ_al86j1HvBsvadpUPV8biMvnz/view?usp=drivesdk,https://drive.google.com/uc?export=view&id=1dF-OFNJ_al86j1HvBsvadpUPV8biMvnz
dress images/G,17.jpg,https://drive.google.com/file/d/1RmmG8-0A2oGbICv4Ct_iTuvU-TZrtrak/view?usp=drivesdk,https://drive.google.com/uc?export=view&id=1RmmG8-0A2oGbICv4Ct_iTuvU-TZrtrak
dress images/G,16.jpg,https://drive.google.com/file/d/1RcVKHwiZKyxfMmwOCWRuSGDzMg9isxwE/view?usp=drivesdk,https://drive.google.com/uc?export=view&id=1RcVKHwiZKyxfMmwOCWRuSGDzMg9isxwE
dress images/G,15.jpg,https://drive.google.com/file/d/11-3uL8tTPokXLiUgny-dl3T3QyxD94wd/view?usp=drivesdk,https://drive.google.com/uc?export=view&id=11-3uL8tTPokXLiUgny-dl3T3QyxD94wd
dress images/G,14.jpg,https://drive.google.com/file/d/1JmCjAPuJqShSq11xA4WNa5waD0DxReRA/view?usp=drivesdk,https://drive.google.com/uc?export=view&id=1JmCjAPuJqShSq11xA4WNa5waD0DxReRA
dress images/G,13.jpg,https://drive.google.com/file/d/19aqNj0P2ckcUE4NkEPQLYwpIUPwz1v7M/view?usp=drivesdk,https://drive.google.com/uc?export=view&id=19aqNj0P2ckcUE4NkEPQLYwpIUPwz1v7M
dress images/G,12.jpg,https://drive.google.com/file/d/19WmDJtSQBH2TW9e8DI6NBoBcscjtHJhk/view?usp=drivesdk,https://drive.google.com/uc?export=view&id=19WmDJtSQBH2TW9e8DI6NBoBcscjtHJhk
dress images/G,11.jpg,https://drive.google.com/file/d/1LUN8SQYox7RahCMoLcK4Nn3MgApGCb54/view?usp=drivesdk,https://drive.google.com/uc?export=view&id=1LUN8SQYox7RahCMoLcK4Nn3MgApGCb54
dress images/G,10.jpg,https://drive.google.com/file/d/1FckGOlwRvL-TEXH0c8Lx5W1vYvDm0TlV/view?usp=drivesdk,https://drive.google.com/uc?export=view&id=1FckGOlwRvL-TEXH0c8Lx5W1vYvDm0TlV
dress images/G,09.jpg,https://drive.google.com/file/d/13HB156bbJhNC5qAzSZdzobaBbKUAg6zK/view?usp=drivesdk,https://drive.google.com/uc?export=view&id=13HB156bbJhNC5qAzSZdzobaBbKUAg6zK
dress images/G,08.jpg,https://drive.google.com/file/d/1Z7LIgc5REUMfj5QMvS0-FkEUl40qcy6H/view?usp=drivesdk,https://drive.google.com/uc?export=view&id=1Z7LIgc5REUMfj5QMvS0-FkEUl40qcy6H
dress images/G,07.jpg,https://drive.google.com/file/d/1Xmu3drLZzAayUUPfli4xyFPpDcm3NhPB/view?usp=drivesdk,https://drive.google.com/uc?export=view&id=1Xmu3drLZzAayUUPfli4xyFPpDcm3NhPB
dress images/G,06.jpg,https://drive.google.com/file/d/1UyVwZcjDXmiXNNcfI3qvwTMvLW1W5HGr/view?usp=drivesdk,https://drive.google.com/uc?export=view&id=1UyVwZcjDXmiXNNcfI3qvwTMvLW1W5HGr
dress images/G,05.jpg,https://drive.google.com/file/d/1I2l-kte1X9g0T9unozry93C2r3yS-5-C/view?usp=drivesdk,https://drive.google.com/uc?export=view&id=1I2l-kte1X9g0T9unozry93C2r3yS-5-C
dress images/G,04.jpg,https://drive.google.com/file/d/11uwNIMrAQPWnvEFAx0lOi3gMJ-2ZljTc/view?usp=drivesdk,https://drive.google.com/uc?export=view&id=11uwNIMrAQPWnvEFAx0lOi3gMJ-2ZljTc
dress images/G,03.jpg,https://drive.google.com/file/d/1UTiAzcDzXpwNc84LXm-hVg4XE57KIdRk/view?usp=drivesdk,https://drive.google.com/uc?export=view&id=1UTiAzcDzXpwNc84LXm-hVg4XE57KIdRk
dress images/G,02.jpg,https://drive.google.com/file/d/1fPmZ1hXkkplREZ4BDHJtF_7-rNyWtf8N/view?usp=drivesdk,https://drive.google.com/uc?export=view&id=1fPmZ1hXkkplREZ4BDHJtF_7-rNyWtf8N
dress images/G,01.jpg,https://drive.google.com/file/d/1mxeRcftHwISJck08vaiXpgFTtdtLPp79/view?usp=drivesdk,https://drive.google.com/uc?export=view&id=1mxeRcftHwISJck08vaiXpgFTtdtLPp79
dress images/HN,16.jpg,https://drive.google.com/file/d/1snTxaVgFKOLsOEnuiFpB4IO4KGU9nwxM/view?usp=drivesdk,https://drive.google.com/uc?export=view&id=1snTxaVgFKOLsOEnuiFpB4IO4KGU9nwxM
dress images/HN,15.jpg,https://drive.google.com/file/d/1vqg9nxyHVIVtfsLpkAADfOx6VbPCMa0_/view?usp=drivesdk,https://drive.google.com/uc?export=view&id=1vqg9nxyHVIVtfsLpkAADfOx6VbPCMa0_
dress images/HN,14.jpg,https://drive.google.com/file/d/122qhfWsuwiV-lo9zg7yLYCbljZJemN_a/view?usp=drivesdk,https://drive.google.com/uc?export=view&id=122qhfWsuwiV-lo9zg7yLYCbljZJemN_a
dress images/HN,13.jpg,https://drive.google.com/file/d/1RObz3ZzLsef69oa1-Olyw3tzY2fL0MKP/view?usp=drivesdk,https://drive.google.com/uc?export=view&id=1RObz3ZzLsef69oa1-Olyw3tzY2fL0MKP
dress images/HN,12.jpg,https://drive.google.com/file/d/16wakMBkIG1Vpd1cqW0sf9Rz-hTIzCeMq/view?usp=drivesdk,https://drive.google.com/uc?export=view&id=16wakMBkIG1Vpd1cqW0sf9Rz-hTIzCeMq
dress images/HN,11.jpg,https://drive.google.com/file/d/1folX0Y00FbU-Q7ppS1hurmCMr91YGjdZ/view?usp=drivesdk,https://drive.google.com/uc?export=view&id=1folX0Y00FbU-Q7ppS1hurmCMr91YGjdZ
dress images/HN,10.jpg,https://drive.google.com/file/d/1E9CzpIBCXfZtwgMHYkH63ZOTUXuSPVk9/view?usp=drivesdk,https://drive.google.com/uc?export=view&id=1E9CzpIBCXfZtwgMHYkH63ZOTUXuSPVk9
dress images/HN,09.jpg,https://drive.google.com/file/d/1ZikEcj6aTgSM4C7LIjXIQq_2puCHk7Gx/view?usp=drivesdk,https://drive.google.com/uc?export=view&id=1ZikEcj6aTgSM4C7LIjXIQq_2puCHk7Gx
dress images/HN,08.jpg,https://drive.google.com/file/d/1hGP6HOXCwP1z_XiviMIoZGCIQw1j6f6m/view?usp=drivesdk,https://drive.google.com/uc?export=view&id=1hGP6HOXCwP1z_XiviMIoZGCIQw1j6f6m
dress images/HN,07.jpg,https://drive.google.com/file/d/1lYnVYyoqb9CGUFyKqPLxeBlAWjdQVlZj/view?usp=drivesdk,https://drive.google.com/uc?export=view&id=1lYnVYyoqb9CGUFyKqPLxeBlAWjdQVlZj
dress images/HN,06.jpg,https://drive.google.com/file/d/1BauyGzIXe3_b6Fj1Zso3qdkJXnF-Y0QG/view?usp=drivesdk,https://drive.google.com/uc?export=view&id=1BauyGzIXe3_b6Fj1Zso3qdkJXnF-Y0QG
dress images/HN,05.jpg,https://drive.google.com/file/d/1iyvwgTUhX7Rxb_fJ0plUZBz4T64Cw7zE/view?usp=drivesdk,https://drive.google.com/uc?export=view&id=1iyvwgTUhX7Rxb_fJ0plUZBz4T64Cw7zE
dress images/HN,04.jpg,https://drive.google.com/file/d/1U-CCT0O_6eTk4PebhxQqzcq8DU5-xfhS/view?usp=drivesdk,https://drive.google.com/uc?export=view&id=1U-CCT0O_6eTk4PebhxQqzcq8DU5-xfhS
dress images/HN,03.jpg,https://drive.google.com/file/d/1cG8j74xo7V9LU2J8P3O55hLvwJg2GRqf/view?usp=drivesdk,https://drive.google.com/uc?export=view&id=1cG8j74xo7V9LU2J8P3O55hLvwJg2GRqf
dress images/HN,02.jpg,https://drive.google.com/file/d/1iIaIQKXNgQe07KVecsIOK90txoejUqOj/view?usp=drivesdk,https://drive.google.com/uc?export=view&id=1iIaIQKXNgQe07KVecsIOK90txoejUqOj
dress images/HN,01.jpg,https://drive.google.com/file/d/1tLFxEWbsqKKDhnvALadI9iEctOqCdLKx/view?usp=drivesdk,https://drive.google.com/uc?export=view&id=1tLFxEWbsqKKDhnvALadI9iEctOqCdLKx
dress images/CB,13.jpg,https://drive.google.com/file/d/1ZhQRGQW2PSCxaZ75bMNZzhNrovAei6YX/view?usp=drivesdk,https://drive.google.com/uc?export=view&id=1ZhQRGQW2PSCxaZ75bMNZzhNrovAei6YX
dress images/CB,12.jpg,https://drive.google.com/file/d/1XPWnFTc3_53rW7qfAqx0mTBh2xpXKNyf/view?usp=drivesdk,https://drive.google.com/uc?export=view&id=1XPWnFTc3_53rW7qfAqx0mTBh2xpXKNyf
dress images/CB,11.jpg,https://drive.google.com/file/d/1iR7RDHs-T6YsrxhkQdpScSgIvTnZoy2W/view?usp=drivesdk,https://drive.google.com/uc?export=view&id=1iR7RDHs-T6YsrxhkQdpScSgIvTnZoy2W
dress images/CB,02.jpg,https://drive.google.com/file/d/1LOChToeslaAyQJiNKE9Dj9KCvWs59kHN/view?usp=drivesdk,https://drive.google.com/uc?export=view&id=1LOChToeslaAyQJiNKE9Dj9KCvWs59kHN
dress images/CB,10.jpg,https://drive.google.com/file/d/14_9bNrX36eJ7rj25rxePZtaP_8BdUO3g/view?usp=drivesdk,https://drive.google.com/uc?export=view&id=14_9bNrX36eJ7rj25rxePZtaP_8BdUO3g
dress images/CB,09.jpg,https://drive.google.com/file/d/1U6F0Pi05AhfV1lBS29fu25xz2wdWCRxt/view?usp=drivesdk,https://drive.google.com/uc?export=view&id=1U6F0Pi05AhfV1lBS29fu25xz2wdWCRxt
dress images/CB,08.jpg,https://drive.google.com/file/d/1ZXEFru6ZIlrdtmre06RCZb0OlD9js46F/view?usp=drivesdk,https://drive.google.com/uc?export=view&id=1ZXEFru6ZIlrdtmre06RCZb0OlD9js46F
dress images/CB,07.jpg,https://drive.google.com/file/d/1E4pqrO-vsgJBfReY553RODFubWavPE8p/view?usp=drivesdk,https://drive.google.com/uc?export=view&id=1E4pqrO-vsgJBfReY553RODFubWavPE8p
dress images/CB,06.jpg,https://drive.google.com/file/d/1eTAHjesNLkTJz1gqYo2uFqouemYSuEZU/view?usp=drivesdk,https://drive.google.com/uc?export=view&id=1eTAHjesNLkTJz1gqYo2uFqouemYSuEZU
dress images/CB,05.jpg,https://drive.google.com/file/d/1uUOm8a2lpBnCSpAsVEv6CyZdKHnkj_cr/view?usp=drivesdk,https://drive.google.com/uc?export=view&id=1uUOm8a2lpBnCSpAsVEv6CyZdKHnkj_cr
dress images/CB,04.jpg,https://drive.google.com/file/d/1nxoBSRT1v3vLCFVWwVsTC_sir2ph_DPJ/view?usp=drivesdk,https://drive.google.com/uc?export=view&id=1nxoBSRT1v3vLCFVWwVsTC_sir2ph_DPJ
dress images/CB,03.jpg,https://drive.google.com/file/d/1JAomtAxTs3nK8YmLV0CMIrY_sj27w4ce/view?usp=drivesdk,https://drive.google.com/uc?export=view&id=1JAomtAxTs3nK8YmLV0CMIrY_sj27w4ce
dress images/CB,01.jpg,https://drive.google.com/file/d/1S_QPAtj27aSVoJMc5OgSBQVgrWZzpK9p/view?usp=drivesdk,https://drive.google.com/uc?export=view&id=1S_QPAtj27aSVoJMc5OgSBQVgrWZzpK9p